sample_index,frame_id_verified,t_sam,t_obj,t_clip,t_up,n_matches,vram,ram,spf
0,,0.61,0.415,0.36,0.001,199109.0,8.632538112,2.749247488,1.0294537544250488
1,,0.52,0.063,0.31,0.003,179949.0,8.64760832,2.759385088,0.5811457633972168
2,,0.53,0.048,0.29,0.003,177466.0,8.665097216,2.761121792,0.5746734142303467
3,,0.51,0.05,0.27,0.001,182907.0,8.68181248,2.762973184,0.5634427070617676
4,,0.49,0.049,0.23,0.001,192662.0,8.697188352,2.764222464,0.5441882610321045
5,,0.47,0.053,0.25,0.001,200159.0,8.711715328,2.764791808,0.5233793258666992
6,,0.43,0.049,0.22,0.001,197223.0,8.724618752,2.766393344,0.47753024101257324
7,,0.46,0.053,0.25,0.001,202140.0,8.739154432,2.76912128,0.5188426971435547
8,,0.49,0.061,0.24,0.001,224107.0,8.757953024,2.776162304,0.5490782260894775
9,,0.76,0.066,0.3,0.005,248850.0,8.775237632,2.782568448,0.829021692276001
10,,0.63,0.062,0.24,0.001,265008.0,11.443390976,2.811650048,1.0600459575653076
11,,0.59,0.066,0.23,0.001,278284.0,11.43523072,2.758361088,0.9684686660766602
12,,0.59,0.073,0.21,0.0,288905.0,11.43267328,2.760392704,0.95723557472229
13,,0.64,0.073,0.17,0.0,300051.0,11.44233216,2.767695872,0.9837324619293213
14,,0.53,0.074,0.2,0.001,309736.0,11.43019008,2.83502592,0.8360545635223389
15,,0.47,0.066,0.21,0.001,319323.0,11.432936448,2.8366848,0.7982769012451172
16,,0.55,0.068,0.25,0.001,323193.0,11.442372608,2.850750464,0.8337066173553467
17,,0.58,0.076,0.24,0.001,324177.0,11.443321344,2.854699008,0.9065020084381104
18,,0.47,0.062,0.11,0.0,320960.0,11.438358016,2.855870464,0.77211594581604
19,,0.48,0.064,0.15,0.001,315167.0,11.432422912,2.85853696,0.8529500961303711
20,,0.57,0.07,0.23,0.004,306403.0,11.43621888,2.87023104,0.8842792510986328
21,,0.46,0.062,0.14,0.001,296035.0,11.429390336,2.87412224,0.7475202083587646
22,,0.46,0.056,0.11,0.0,285295.0,11.42909184,2.877444096,0.7339754104614258
23,,0.43,0.056,0.12,0.0,275199.0,11.417709568,2.880262144,0.6635081768035889
24,,0.47,0.059,0.15,0.001,267805.0,11.411682816,2.88253952,0.7336668968200684
25,,0.49,0.057,0.1,0.0,261497.0,11.400821248,2.88995328,0.7602260112762451
26,,0.48,0.054,0.15,0.0,254130.0,11.406422016,2.898153472,0.789541482925415
27,,0.49,0.049,0.12,0.0,243116.0,11.393845248,2.90275328,0.7844324111938477
28,,0.41,0.045,0.09,0.0,235460.0,11.389785088,2.906517504,0.573512077331543
29,,0.43,0.044,0.15,0.0,231889.0,11.391322112,2.909696,0.6286547183990479
30,,0.43,0.044,0.08,0.0,236173.0,11.383361024,2.913513472,0.7093937397003174
31,,0.41,0.046,0.09,0.0,248197.0,11.379311616,2.91913728,0.5972070693969727
32,,0.36,0.044,0.07,0.0,260340.0,11.375067648,2.924191744,0.5095255374908447
33,,0.42,0.046,0.09,0.0,273728.0,11.359188992,2.93036032,0.5886616706848145
34,,0.49,0.049,0.09,0.0,286006.0,11.35481856,2.936848384,0.6937727928161621
35,,0.47,0.047,0.08,0.0,296282.0,11.350152704,2.944360448,0.6212232112884521
36,,0.53,0.055,0.14,0.0,306696.0,11.3510016,2.949562368,0.7408022880554199
37,,0.48,0.068,0.12,0.0,321290.0,11.3616256,2.955956224,0.6731717586517334
38,,0.45,0.065,0.17,0.0,338500.0,11.372333568,2.961383424,0.6144523620605469
39,,0.46,0.065,0.08,0.001,359059.0,11.35554304,2.9671424,0.6774301528930664
40,,0.53,0.076,0.19,0.001,375842.0,11.375428608,2.97345024,0.6828174591064453
41,,0.44,0.069,0.14,0.0,384437.0,11.366374912,2.97551872,0.6024110317230225
42,,0.41,0.069,0.14,0.0,386958.0,11.380468224,2.97971712,0.5498766899108887
43,,0.35,0.067,0.1,0.0,383812.0,11.384901632,2.983112704,0.5023856163024902
44,,0.36,0.068,0.18,0.0,374268.0,11.389543936,2.986217472,0.5190200805664062
45,,0.37,0.069,0.18,0.0,364331.0,11.39977216,2.989010944,0.5163533687591553
46,,0.32,0.06,0.09,0.0,354061.0,11.391348224,2.99364352,0.5176815986633301
47,,0.33,0.06,0.08,0.0,341647.0,11.381604864,2.99769856,0.5160632133483887
48,,0.39,0.056,0.07,0.0,327723.0,11.391590912,3.00333056,0.616490364074707
49,,0.39,0.057,0.09,0.001,317775.0,11.387735552,3.008724992,0.5301656723022461
50,,0.4,0.056,0.08,0.0,306338.0,11.384872448,3.012083712,0.6524558067321777
51,,0.38,0.054,0.09,0.009,295482.0,11.376858112,3.015499776,0.5668776035308838
52,,0.34,0.052,0.11,0.001,286077.0,11.37576448,3.017715712,0.5336742401123047
53,,0.41,0.048,0.11,0.001,275212.0,11.377874944,3.021631488,0.5599222183227539
54,,0.37,0.043,0.04,0.0,262682.0,11.368679424,3.024912384,0.5976910591125488
55,,0.42,0.045,0.09,0.001,254925.0,11.364298752,3.033772032,0.6508746147155762
56,,0.39,0.044,0.06,0.0,257817.0,11.350804992,3.034546176,0.5298557281494141
57,,0.37,0.047,0.08,0.0,264239.0,11.361516032,3.036585984,0.49610304832458496
58,,0.41,0.052,0.11,0.0,269640.0,11.3481088,3.039817728,0.5283267498016357
59,,0.38,0.053,0.08,0.0,260608.0,11.35537408,3.043270656,0.5289943218231201
60,,0.36,0.051,0.07,0.0,243466.0,11.35316224,3.046801408,0.4972403049468994
61,,0.38,0.051,0.1,0.0,232352.0,11.36032512,3.049783296,0.5343329906463623
62,,0.36,0.046,0.09,0.001,222933.0,11.35465472,3.052572672,0.5182201862335205
63,,0.33,0.048,0.09,0.0,217358.0,11.360586752,3.056857088,0.4815387725830078
64,,0.31,0.047,0.12,0.001,209315.0,11.355611136,3.062759424,0.400101900100708
65,,0.38,0.048,0.15,0.0,199731.0,11.362067456,3.0661632,0.520510196685791
66,,0.32,0.044,0.09,0.0,189943.0,11.362650112,3.069325312,0.4263300895690918
67,,0.44,0.051,0.18,0.0,182754.0,11.376866816,3.077382144,0.5714004039764404
68,,0.38,0.047,0.12,0.0,175822.0,11.376775168,3.078344704,0.5373539924621582
69,,0.43,0.047,0.14,0.0,175684.0,11.373915648,3.082420224,0.5626542568206787
70,,0.39,0.051,0.1,0.0,178978.0,11.39298304,3.087015936,0.5160281658172607
71,,0.31,0.046,0.12,0.001,187585.0,11.38343936,3.089207296,0.45951247215270996
72,,0.38,0.05,0.15,0.0,201519.0,11.391079936,3.096170496,0.5273809432983398
73,,0.31,0.05,0.12,0.0,225353.0,11.393499136,3.098288128,0.457639217376709
74,,0.28,0.052,0.1,0.001,254797.0,11.39392512,3.10747136,0.4587886333465576
75,,0.34,0.06,0.12,0.003,289850.0,11.380619264,3.108786176,0.553978443145752
76,,0.47,0.072,0.18,0.001,320783.0,11.395104768,3.12817664,0.6415586471557617
77,,0.41,0.072,0.18,0.001,345435.0,11.39893504,3.130421248,0.6607370376586914
78,,0.32,0.07,0.17,0.001,367279.0,11.402878464,3.130503168,0.5151524543762207
79,,0.37,0.072,0.12,0.001,383393.0,11.388900352,3.135184896,0.5827586650848389
80,,0.35,0.08,0.05,0.0,392001.0,11.392934912,3.13499648,0.5404934883117676
81,,0.42,0.084,0.12,0.001,393548.0,11.39408128,3.148255232,0.626889705657959
82,,0.38,0.09,0.08,0.0,386824.0,11.391794176,3.151798272,0.6184380054473877
83,,0.41,0.087,0.08,0.0,372394.0,11.386943488,3.158339584,0.6158576011657715
84,,0.35,0.08,0.09,0.001,351513.0,11.388189696,3.159085056,0.5383236408233643
85,,0.41,0.083,0.08,0.0,337235.0,11.386997248,3.162537984,0.6150016784667969
86,,0.38,0.076,0.07,0.001,330195.0,11.378797056,3.164332032,0.642812967300415
87,,0.31,0.077,0.07,0.001,324336.0,11.366632448,3.164209152,0.5711982250213623
88,,0.43,0.087,0.1,0.001,324852.0,11.370499584,3.180486656,0.6852030754089355
89,,0.44,0.094,0.11,0.002,337221.0,11.373809664,3.18717952,0.6553056240081787
90,,0.42,0.098,0.14,0.001,346258.0,11.370971136,3.187621888,0.5699160099029541
91,,0.49,0.1,0.15,0.002,359657.0,11.373934592,3.197403136,0.7099776268005371
92,,0.41,0.102,0.09,0.001,367054.0,11.382930944,3.198226432,0.5937681198120117
93,,0.46,0.104,0.07,0.001,370835.0,11.379523584,3.200512,0.644228458404541
94,,0.44,0.135,0.08,0.0,365254.0,11.379211264,3.200704512,0.6749157905578613
95,,0.44,0.11,0.07,0.0,344681.0,11.3785216,3.201404928,0.6286814212799072
96,,0.43,0.096,0.1,0.0,309822.0,11.376218624,3.202818048,0.5956575870513916
97,,0.68,0.08,0.09,0.002,283968.0,11.383202816,3.205451776,0.8384153842926025
98,,0.65,0.078,0.11,0.001,274464.0,11.382103552,3.20933888,0.8318605422973633
99,,0.65,0.065,0.1,0.001,274738.0,11.38092288,3.210305536,0.8315207958221436
100,,0.64,0.065,0.09,0.001,284879.0,11.375098368,3.211620352,0.8501327037811279
101,,0.62,0.069,0.06,0.001,301606.0,11.372781056,3.222335488,0.8493146896362305
102,,0.58,0.067,0.06,0.0,318191.0,11.359491584,3.222982656,0.7445716857910156
103,,0.6,0.082,0.11,0.001,330360.0,11.372000768,3.232493568,0.7592532634735107
104,,0.55,0.075,0.11,0.001,336742.0,11.373114368,3.23653632,0.7057371139526367
105,,0.66,0.083,0.14,0.001,331594.0,11.377115648,3.265896448,0.8150713443756104
106,,0.68,0.084,0.15,0.001,320718.0,11.375471616,3.199750144,0.8659563064575195
107,,0.75,0.079,0.15,0.001,306592.0,11.375885824,3.21564672,0.9281859397888184
108,,0.62,0.08,0.17,0.001,292858.0,11.381451264,3.203121152,0.8199620246887207
109,,0.61,0.07,0.12,0.0,275419.0,11.380525568,3.261755392,0.7772157192230225
110,,0.53,0.065,0.08,0.0,251530.0,11.38865664,3.26240256,0.6870965957641602
111,,0.64,0.076,0.11,0.001,230459.0,11.389384192,3.269722112,0.7784562110900879
112,,0.55,0.068,0.16,0.002,220269.0,11.38839296,3.27522304,0.6731019020080566
113,,0.53,0.072,0.12,0.001,223971.0,11.395242496,3.278712832,0.7158703804016113
114,,0.57,0.083,0.14,0.001,235722.0,11.396380672,3.224047616,0.7622323036193848
115,,0.47,0.073,0.11,0.001,260297.0,11.403133952,3.282743296,0.6802005767822266
116,,0.47,0.079,0.08,0.0,290371.0,11.392971264,3.289030656,0.7048497200012207
117,,0.48,0.073,0.08,0.0,322799.0,11.389499904,3.289419776,0.702477216720581
118,,0.49,0.079,0.14,0.001,349157.0,11.387764224,3.292454912,0.7373814582824707
119,,0.5,0.083,0.11,0.003,363108.0,11.381556224,3.29807872,0.7077157497406006
120,,0.54,0.095,0.12,0.001,372991.0,11.39148032,3.304669184,0.7185580730438232
121,,0.53,0.092,0.12,0.001,379991.0,11.396076544,3.309555712,0.7281396389007568
122,,0.41,0.084,0.08,0.0,393624.0,11.38614784,3.310354432,0.6530089378356934
123,,0.45,0.09,0.09,0.001,413522.0,11.380099072,3.310137344,0.6693630218505859
124,,0.52,0.1,0.11,0.001,436879.0,11.385199104,3.323383808,0.7561314105987549
125,,0.63,0.106,0.11,0.001,452364.0,11.380187136,3.277172736,0.8432700634002686
126,,0.6,0.115,0.1,0.001,459953.0,11.393978368,3.268755456,0.8013532161712646
127,,0.56,0.107,0.09,0.0,460201.0,11.392889344,3.337785344,0.7436246871948242
128,,0.47,0.101,0.09,0.001,456028.0,11.388883968,3.325534208,0.7124476432800293
129,,0.51,0.103,0.09,0.001,451282.0,11.387224064,3.3370112,0.722506046295166
130,,0.42,0.099,0.11,0.001,448021.0,11.388118016,3.338174464,0.6443881988525391
131,,0.39,0.101,0.09,0.001,445946.0,11.386249216,3.337371648,0.6189162731170654
132,,0.36,0.097,0.07,0.0,441968.0,11.376987136,3.338162176,0.5365040302276611
133,,0.39,0.1,0.11,0.002,439972.0,11.379219968,3.338186752,0.5825700759887695
134,,0.39,0.095,0.05,0.0,431538.0,11.375308288,3.337670656,0.5943183898925781
135,,0.39,0.095,0.07,0.001,426374.0,11.366614016,3.344662528,0.5964601039886475
136,,0.37,0.098,0.04,0.0,416136.0,11.371052032,3.3457152,0.5683364868164062
137,,0.45,0.092,0.07,0.0,412136.0,11.358828032,3.356925952,0.6377592086791992
138,,0.45,0.094,0.07,0.0,408939.0,11.357466624,3.360038912,0.6379783153533936
139,,0.42,0.092,0.1,0.001,403692.0,11.366214656,3.360223232,0.6092097759246826
140,,0.48,0.099,0.09,0.0,399967.0,11.366922752,3.375730688,0.692068338394165
141,,0.36,0.092,0.1,0.001,402201.0,11.364193792,3.37688576,0.5539355278015137
142,,0.52,0.102,0.08,0.001,407811.0,11.373477376,3.323277312,0.6997687816619873
143,,0.45,0.094,0.11,0.001,424813.0,11.36092416,3.38151424,0.6544015407562256
144,,0.49,0.103,0.15,0.001,445512.0,11.376780288,3.331362816,0.6530802249908447
145,,0.45,0.095,0.11,0.001,461477.0,11.382280192,3.384897536,0.6142139434814453
146,,0.67,0.108,0.17,0.001,469029.0,11.393667072,3.33764608,0.8236427307128906
147,,0.51,0.098,0.2,0.002,468207.0,11.402435584,3.405975552,0.6748912334442139
148,,0.44,0.095,0.14,0.001,471234.0,11.402304512,3.4070528,0.6092967987060547
149,,0.45,0.095,0.11,0.001,474383.0,11.40787712,3.40731904,0.6512377262115479
150,,0.53,0.099,0.15,0.001,472997.0,11.413134336,3.422978048,0.7283246517181396
151,,0.47,0.116,0.14,0.001,460549.0,11.421857792,3.412410368,0.6842250823974609
152,,0.39,0.096,0.09,0.002,436770.0,11.41670144,3.413123072,0.5725116729736328
153,,0.42,0.093,0.14,0.0,407032.0,11.419753472,3.41377024,0.6219675540924072
154,,0.36,0.077,0.09,0.001,374991.0,11.415598592,3.414532096,0.5967907905578613
155,,0.31,0.072,0.14,0.001,346100.0,11.408848896,3.415363584,0.4958069324493408
156,,0.3,0.067,0.09,0.001,327119.0,11.41033728,3.415584768,0.5367660522460938
157,,0.34,0.07,0.09,0.001,319607.0,11.396965376,3.41921792,0.6157815456390381
158,,0.29,0.078,0.07,0.001,320394.0,11.401618944,3.41929984,0.508171796798706
159,,0.29,0.067,0.05,0.0,326403.0,11.401313792,3.426086912,0.4678030014038086
160,,0.25,0.062,0.04,0.0,324212.0,11.390380032,3.425488896,0.4649772644042969
161,,0.26,0.06,0.08,0.002,313158.0,11.384988672,3.432566784,0.4612867832183838
162,,0.26,0.064,0.09,0.0,297176.0,11.388666368,3.432341504,0.4253101348876953
163,,0.25,0.058,0.09,0.001,279839.0,11.377254912,3.43924736,0.44855332374572754
164,,0.28,0.051,0.09,0.001,260698.0,11.379876864,3.439501312,0.4224367141723633
165,,0.31,0.055,0.14,0.001,241342.0,11.377944064,3.446325248,0.5080089569091797
166,,0.26,0.049,0.09,0.001,221238.0,11.380875776,3.44633344,0.40093135833740234
167,,0.25,0.046,0.14,0.001,202025.0,11.380120576,3.452547072,0.3924877643585205
168,,0.21,0.038,0.09,0.0,183552.0,11.38012928,3.454234624,0.31613993644714355
169,,0.22,0.039,0.08,0.0,166780.0,11.385778688,3.464470528,0.3126521110534668
170,,0.26,0.04,0.09,0.0,157168.0,11.38978304,3.464851456,0.33994102478027344
171,,0.21,0.032,0.08,0.0,159182.0,11.386111488,3.467317248,0.32041049003601074
172,,0.25,0.039,0.14,0.001,169531.0,11.394141184,3.469316096,0.3886840343475342
173,,0.35,0.051,0.23,0.001,196279.0,11.398445568,3.481489408,0.4993317127227783
174,,0.37,0.056,0.18,0.001,225340.0,11.399549952,3.487772672,0.5187649726867676
175,,0.41,0.054,0.11,0.001,243755.0,11.396778496,3.500539904,0.6002688407897949
176,,0.65,0.066,0.17,0.002,260697.0,11.407074816,3.470864384,0.810605525970459
177,,0.47,0.069,0.1,0.001,287393.0,11.412395008,3.519696896,0.6777758598327637
178,,0.5,0.077,0.15,0.001,311815.0,11.402655232,3.468046336,0.6763172149658203
179,,0.47,0.073,0.14,0.001,334429.0,11.404485632,3.529740288,0.6243057250976562
180,,0.5,0.092,0.15,0.001,352034.0,11.418281472,3.476180992,0.6837787628173828
181,,0.44,0.078,0.06,0.0,364242.0,11.423041536,3.534139392,0.5944709777832031
182,,0.47,0.089,0.11,0.001,369917.0,11.417083904,3.482075136,0.6955416202545166
183,,0.38,0.084,0.12,0.001,369919.0,11.401073152,3.532886016,0.6901023387908936
184,,0.53,0.095,0.11,0.0,371794.0,11.404406272,3.492057088,0.8076658248901367
185,,0.54,0.09,0.11,0.0,375262.0,11.406404608,3.557961728,0.7404782772064209
186,,0.5,0.091,0.09,0.0,374422.0,11.391869952,3.558137856,0.758967399597168
187,,0.63,0.09,0.09,0.001,370652.0,11.394847744,3.574403072,0.8315427303314209
188,,0.52,0.088,0.05,0.0,361662.0,11.395618816,3.562672128,0.7729408740997314
189,,0.54,0.083,0.05,0.001,352974.0,11.38015744,3.56390912,0.761225700378418
190,,0.5,0.079,0.14,0.0,348261.0,11.385675264,3.564720128,0.7388496398925781
191,,0.51,0.078,0.09,0.001,347436.0,11.38112512,3.572727808,0.6480207443237305
192,,0.45,0.08,0.09,0.0,354051.0,11.379779584,3.572682752,0.641563892364502
193,,0.45,0.081,0.12,0.0,362886.0,11.378968064,3.57363712,0.6510343551635742
194,,0.47,0.084,0.09,0.0,374866.0,11.364873728,3.582836736,0.6592898368835449
195,,0.44,0.088,0.15,0.001,390458.0,11.368652288,3.591909376,0.6324260234832764
196,,0.48,0.097,0.09,0.0,404160.0,11.367320064,3.60372224,0.6762063503265381
197,,0.43,0.092,0.12,0.001,423317.0,11.366147584,3.604795392,0.6170768737792969
198,,0.5,0.101,0.15,0.001,440557.0,11.359686144,3.606212608,0.6627066135406494
199,,0.48,0.104,0.12,0.0,463062.0,11.364462592,3.606298624,0.6413669586181641
